"Title url","OrderScore","Image","Title front","Title front 2","S01 T01","S02 T01","S03 H01","S03 T01","S04 H01","S04 T01","S05 H01","S05 T01","S06 H01","Why Panama (all)","Why Panama (Item)","link-copy-of-why-panama-title_fld","ID","Created Date","Updated Date","Owner"
"welcoming-country",4,,"A dynamic and welcoming country","Investment Opportunities","Over the last fifteen years, Panama has positioned itself as a prime destination for foreign direct investment in Latin America. Compared to its neighbors, the country stood out by withstanding the global financial crisis, boasting a GDP growth of 1.24% in 2009, followed by 11.31% in 2011.","The Panama Papers affair, followed by the COVID-19 pandemic’s impact, put a freeze on the country’s flourishing economy, which had been driven by a GDP growth four times the Latin America-Caribbean region’s average. After a contraction in 2020, a strong rebound was observed in 2022 and continues into 2023.

Panama serves as a bridge between continents. Its expanded interoceanic canal doubles maritime transit capacity, acting as a global economy engine. The country is a logistic crossroads for global cargo storage and distribution, linked with North and South America, the Caribbean, Europe, and Asia. With financial stability based on the US dollar, a crucial free trade zone, Tocumen International Airport, the metro, and other infrastructure, Panama is attractive for investors. Its geographical position and size make it central to five submarine fiber optic cables, a prime location for telecommunications companies.

Investment opportunities are diverse in this young country, aiming to enhance infrastructure, sustainability, and the economy. Key sectors in demand include:","Panama: Strategic & Investable","<p class=""font_8"">Panama serves as a bridge between continents. Its expanded interoceanic canal doubles maritime transit capacity, acting as a global economy engine. The country is a logistic crossroads for global cargo storage and distribution, linked with North and South America, the Caribbean, Europe, and Asia. With financial stability based on the US dollar, a crucial free trade zone, Tocumen International Airport, the metro, and other infrastructure, Panama is attractive for investors. Its geographical position and size make it central to five submarine fiber optic cables, a prime location for telecommunications companies.</p>
<p class=""font_8"">Investment opportunities are diverse in this young country, aiming to enhance infrastructure, sustainability, and the economy.</p>",,,,,"Key sectors in demand include:","/why-panama/","/why-panama/welcoming-country",,"05e53700-8bf8-4e96-a690-cd5237b9887e",2025-08-27T17:52:36Z,2025-10-03T01:31:28Z,"58d3bbd1-abf4-4382-b35f-20290feb120c"
"healthcare",2,,"Operation of the healthcare system in Panama","Healthcare system","In line with Panamanian legislation, every citizen has the inalienable right to medical care, and the public healthcare system theoretically works for all. This service, offered in various health centers, usually comes at a low cost, although it’s free for children under five years old.","Health centers are established in all urban municipalities, and despite the Pan American Health Organization noting a lesser presence in rural areas, access to care remains relatively uniform. However, the quality of care, especially for specialties, varies greatly across the country. This public system operates alongside a well-established private healthcare system.","Public healthcare system operation","<p class=""font_8"">The Panamanian public healthcare system is managed by two entities. Firstly, the Ministry of Health (MINSA), which ensures equity and quality, coordinates assistance in Health Centers, including for foreigners. Secondly, the Social Security Fund (CSS) regulates work-related and pension insurances and provides access to maternity and illness services in its health centers spread across the country. While not free, healthcare services remain accessible to the majority of the population, both nationals and foreigners. A contribution system through employment exists, but specialized staff intervene to adjust payment modalities when solvency is lacking, ensuring continuity of care even in financial difficulty. Panama has made significant progress in healthcare over the last twenty years, focusing on improving quality and access. The system is often cited as one of the best in Central America, although disparities exist between urban and rural areas in terms of availability and quality of care.</p>","Private healthcare system operation","<p class=""font_8"">Alongside the public system, Panama has renowned clinics and private practices in major cities, generally considered of higher quality. In addition to the attention and quality of services, private clinics have better infrastructure, and it is easier and faster to receive treatment in this system. In Panama City, Colón, or David, you will often find English-speaking doctors trained at top international universities.</p>
<p class=""font_8"">The services offered by these establishments are accessible by paying or are reimbursed, in whole or in part, by private health insurance or supplementary health insurance. Although only 10% of Panamanians have such insurance, many expatriates opt for this route. Most French-speaking emigrants or expatriates choose a supplementary health insurance from their home country that is compatible. However, if you plan to settle in the country permanently, it is advisable to inquire about local insurance, which often offers more advantageous rates and better coverage.</p>",,,,"/why-panama/","/why-panama/healthcare",,"43dc31e0-bd76-4191-8ca3-c666b21c90fa",2025-08-27T17:56:24Z,2025-10-02T20:39:19Z,"58d3bbd1-abf4-4382-b35f-20290feb120c"
"financial-Hub",5,,"Panama as an International Financial Hub","International Financial Hub","Panama’s financial system is undergoing significant changes, aligning with global trends. These changes are driven by technological advancements and the unique characteristics of the country’s financial system. Regulators and key players agree that modernization is essential to enhance competitiveness and transparency.","The combination of robust regulation, a well-developed financial structure, and the integration of advanced technologies keeps Panama in a strong position in the international financial arena. Embracing new technologies and recognizing the need to change not just technology but also processes ensures that Panama remains a robust and dynamic financial center in the region.","Characteristics of the Panamanian Financial System:","<p class=""font_8"">The Panamanian economy is characterized by its banking monetary system, using the U.S. dollar as the common currency. It operates without a central bank and is heavily connected to the global economy. The financial system structure includes banks, securities firms, pension funds, insurance companies, cooperatives, among others, accounting for 7.31% of the GDP in 2021, with total assets amounting to $148,218 million. Panama’s international banking center operates as an intermediary system without a last-resort lender or deposit insurance institution. Main banking activities occur in various segments, including accepting bank deposits, retail banking, commercial and corporate lending, and corporate finance. The sector is regulated by a supervision model with a separate supervisory entity for each financial market, coordinated within the Financial Coordination Council (CCF). The Superintendency of Banks of Panama is responsible for regulating and supervising various financial entities.</p>","Modernization and Digital Transformation:","<p class=""font_8"">Experts highlight the need to invest in digitalization, both in customer interactions and internal processes. While some banks have efficient and user-friendly client interfaces, internal operations and processes still require significant improvement. Procedures like loan granting and financial solvency analysis are still slow and rely on archaic mechanisms compared to North American or other Latin American banks.</p>
<p class=""font_8"">Nonetheless, it should be noted that the Panamanian financial system has maintained remarkable macroeconomic stability, without any systemic banking crisis attributable to intrinsic imbalances in the banking system. The simultaneous operation of international and local banks allows for significant competitiveness and efficiency. Reflecting its international reach, Panama had 66 banks supervised by the superintendency of banks for 4 million inhabitants in 2023. By comparison, using the same criteria and including neobanks, France had 73 banks at the same date.</p>",,,,"/why-panama/","/why-panama/financial-hub",,"6685f979-3461-4eb8-b64b-391841254ef3",2025-08-27T17:57:54Z,2025-10-02T20:06:21Z,"58d3bbd1-abf4-4382-b35f-20290feb120c"
"tax-pressure",6,,"A dynamic and welcoming country","Moderate Tax Pressure","Panama not only stands out as a place of natural and cultural wonder but also as a country where preferential taxation, financial security, and economic stability prevail. Its moderate and well-structured tax regime for corporations and individuals makes it particularly attractive to residents, investors, and companies worldwide.","Panama’s tax system is mainly based on the principle of territoriality, where only income generated on national territory is taxed.

This peculiarity has allowed Panama to stand out as an attractive destination for foreign investments.","Direct Taxes Applicable to Corporations:","<ul class=""font_8"">
  <li><p class=""font_8""><strong>Income Tax:</strong> Equivalent to corporate tax, levied on profits earned by tax-resident companies in Panama. The tax rate is 25%, although it can reach 30% for some public or semi-public entities. There is a minimum effective tax rate for entities with revenues exceeding 1.5 million USD, where the higher of the following two rates applies: either the tax rate on taxable profits mentioned above or 4.67% of the company’s global turnover.</p></li>
  <li><p class=""font_8""><strong>The “tasa única” tax </strong>: An annual flat tax levied on various entities established in Panama, with an amount of 300 USD, except for private interest foundations, which contribute 350 USD.</p></li>
  <li><p class=""font_8""><strong>Resident agent’s sworn declaration</strong>: Since 2022, lawyers representing companies must file a sworn declaration of the companies’ accounts annually. This measure, a consequence of the Panama Papers affair, aims to combat money laundering in the country. This “fee” of 350 USD is paid by the lawyer and passed on to their client (the company). Although this obligation is not presented as a tax, it is mandatory and paid to the DGI (Dirección General de Impuestos).</p></li>
  <li><p class=""font_8""><strong>Complementary Tax</strong> : An advance payment of the dividend tax payable by shareholders who receive them. It only applies to entities that distribute less than 40% of their net after-tax profits. The applicable rate is 10% of the difference between the undistributed net profits and 40% of the same net profit.</p></li>
</ul>","Direct Taxes Applicable to Individuals","<ul class=""font_8"">
  <li><p class=""font_8""><strong>Income Tax</strong>: Panama has a relatively simple, progressive income tax system for individuals, distributed in brackets as follows: 0% for incomes between 0 and 11,000 USD, 15% for incomes between 11,000 and 50,000 USD (only the portion between 11,000 and 50,000 USD is taxed), and 25% for incomes over 50,000 USD (taxpayers pay 15% on incomes up to 50,000 USD, and only incomes above 50,000 USD are taxed at 25%).</p></li>
  <li><p class=""font_8""><strong>Dividend Tax</strong>: This tax involves a withholding tax for individuals on shares they hold in both Panamanian and foreign entities. The rate is 10% for dividends from Panamanian sources and 5% for dividends from foreign sources.</p></li>
  <li><p class=""font_8""><strong>Capital Gains Tax</strong>: Imposed at a rate of 15% on the profits made from the sale of shares and real estate.</p></li>
</ul>
<p class=""font_8"">These tax regulations demonstrate Panama’s commitment to creating a stable and safe economic environment. The moderation of tax pressure attracts a wide range of investors and companies, thereby enhancing the country’s status as a financial hub.</p>
<p class=""font_8"">Efficiency and transparency in Panama’s tax system have been strengthened over time, especially following the “Panama Papers” affair. Recent reforms reflect the country’s intention to align with international standards while retaining its unique appeal in terms of taxation.</p>
<p class=""font_8"">In summary, Panama represents a land of tax opportunities and innovation, where financial stability and security are at the heart of its prosperity. Its clear tax legislation and competitive tax rates make it a preferred destination for entrepreneurs, investors, and individuals seeking growth and asset protection.</p>",,,,"/why-panama/","/why-panama/tax-pressure",,"7d0a51c0-baa1-4cd8-a907-4ef6c4a72c80",2025-08-27T17:59:13Z,2025-08-28T18:41:12Z,"58d3bbd1-abf4-4382-b35f-20290feb120c"
"life-quality",1,,"Discover Panama: a country with high quality of life","Quality of life","Panama offers a high quality of life to both its national and foreign residents. One of its main attractions is a relatively low cost of living compared to major cities in North America and Europe, allowing residents to enjoy a higher purchasing power than in their home countries.","However, it’s important to note that Panama is not a cheap country compared to some neighboring countries, with a standard of living similar to Southern European countries. As a comparison, the average net monthly salary after taxes in Panama in 2023 is around $1050, a figure comparable to Portugal. The use of the US dollar as the official currency contributes significantly to this, ensuring stability and preventing hyperinflation, thus guaranteeing a reliable economy.","Quality infrastructure","<p class=""font_8"">Les infrastructures au Panama ont fait l’objet d’investissements importants au cours de la dernière décennie, permettant au pays d’offrir des services fiables dans les principales villes. L’électricité et l’eau courante sont disponibles dans toutes les zones urbaines tout comme l’accès à internet à haut débit, à la télévision par câble et à une bonne couverture de téléphonie mobile. En termes de transports, Panama city est superbement desservi grâce à son aéroport (PTY) hub international et siège régional de plusieurs compagnies. Pour circuler en ville, les services de métro et uber fonctionnent parfaitement. Attention toutefois aux heures de pointes et aux périodes de grandes pluies. Au niveau national, tout le côté pacifique est desservi par la fameuse route panaméricaine. Le côté Caraibes, plus sauvage, bénéficie par certains endroits d’un réseau secondaire mais souvent peu entretenu (provinces de Colón et de Bocas del Toro). Le pays offre aussi diverses options de loisirs modernes qui satisferont tous les goûts, des clubs de golf, des centres commerciaux et des restaurants de niveau international, des stations balnéaires, des parcs et des événements culturels. Côté santé, le Panama propose à Panamá city et dans les zones urbanisées, des installations médicales modernes de niveau international. Panama city n’a rien à envier en termes de services médicaux à d’autres capitales d’Amérique et d’Europe. La présence de médecins bilingues formés dans des institutions prestigieuses aux États-Unis et en Europe est remarquable.</p>","Safety and education in Panama","<p class=""font_8"">Panama is considered a safe country with low crime rates, consistently improving in this regard over recent years. While there are remote areas affected by drug trafficking, violence is generally rare outside these tense zones. The Global Peace Index 2019 gives Panama a high peace rating, similar to the UK and Italy, and the US State Department considers the entire country safe to visit. In the field of education, Panama offers international schools with American, British, French, and German curriculums for expatriates. These schools provide high-quality education from preschool to advanced levels, primarily located in cities with significant expatriate populations.</p>","Panama: welcoming to tourists and expats","<p class=""font_8"">With its recent history, Panama is welcoming to foreigners, and this multicultural dimension makes integration into the country easier. Spanish is the official language spoken almost everywhere, coexisting with native languages, English (or the Panamanian Anglophone Creole variant), and other languages from immigration (European languages, Mandarin, etc.). This variety facilitates communication and coexistence. Thanks to its geographical location, Panama is a regional tourist center with air, logistical, and maritime infrastructure. The famous Panama Canal is a major tourist attraction, and the country offers activities such as scuba diving, whale watching, bird watching, hiking, and extreme sports in a diverse and beautiful natural environment.</p>",,"/why-panama/","/why-panama/life-quality",,"d7bc92ec-ce56-4ecd-a3e2-4e1930f97559",2025-08-27T17:44:53Z,2025-10-02T20:06:10Z,"58d3bbd1-abf4-4382-b35f-20290feb120c"
"economic-stability",3,,"Panama as a strategic and key hub of the global economy","Economic stability","In 1914, Panama completed a monumental feat with the inauguration of its prestigious canal, a dream started by Ferdinand Lesseps in 1881. The iconic canal is more than an engineering marvel; it has catalyzed Panama’s economic stability, attracting global investors. It revolutionized global transport by shortening distances and reducing costs between the Atlantic and Pacific Oceans.","Ici mettre un texte d introduction ","Strategic geographical position and economic diversity of Panama","<p class=""font_8"">Located at the crossroads of the world, Panama has capitalized on its unique location. It’s known not only for its canal but also for its thriving logistics and port sector. The creation of the International Banking Center in 1970 marked the emergence of a flourishing financial sector that continues to attract banks and investors, contributing to GDP growth. Panama hasn’t put all its eggs in one basket. Beyond the canal and free zones, the country has diversified its economy, developing sectors like tourism, finance, real estate, agriculture, and services. This diversification has reinforced its resilience to global economic turbulence.</p>","Impact of Panama's relationship with the United States","<p class=""font_8"">Panama’s economic history is also marked by its close ties with the United States. The military dictatorship of Omar Torrijos Herrera in 1968, nationalist reforms, and the Torrijos-Carter Treaty of 1977 were key in shaping Panama’s economic identity. Adopting the US dollar as the official currency has ensured monetary stability and simplified international transactions. The end of the US military presence in 1999 and the return of full control of the canal marked a turning point in Panama’s history. This step led to enhanced independence and unprecedented economic modernization.</p>","A model of success in Latin America","<p class=""font_8"">Today, Panama stands out as a beacon of economic success in Latin America. Its impressive over 10% GDP growth in 2022 is a testament to its vitality. Despite challenges posed by the Covid-19 crisis, Panama continues to be a prime destination for entrepreneurs and investors worldwide.</p>
<p class=""font_8"">In summary, Panama has established itself as a major player in the global economy. Its stability, diversification, special relationship with the United States, and strategic position make it a unique hub for trade, investment, and innovation. Panama is more than a country with a famous canal; it’s an attractive business destination and an economic success story for every entrepreneur to consider.</p>","International agreements between Panama and its key trading partners","/why-panama/","/why-panama/economic-stability",,"ff6ed12a-fc90-46d9-bbbb-daa30b736098",2025-08-27T18:13:14Z,2025-10-03T01:03:44Z,"58d3bbd1-abf4-4382-b35f-20290feb120c"
